 NDVI,LST,BURNED_AREA,CLASS 
 0.506782,14584.272727,4.692308, 0 
 0.52215,14655.833333,5.0, 0 
 0.682284,14780.0,5.0, 1 
 0.120046,13298.5,3.5, 0 
 0.568734,14743.0,5.0, 0 
 0.454228,14929.571429,4.904762, 1 
 0.508299,14333.375,4.976563, 1 
 0.519243,14738.0,5.0, 1 
 0.696477,14658.0,3.0, 0 
 0.57501,15169.190476,4.809524, 0 
 0.433218,14721.127854,4.433486, 0 
 0.631009,14564.076923,4.915094, 0 
 0.635615,14734.337688,4.496235, 1 
 0.608305,14512.5,4.0, 0 
 0.596891,14336.141509,4.716981, 0 
 0.339097,14159.75,5.0, 0 
 0.569658,14462.0,3.0, 1 
 0.502957,15302.0,5.0, 0 
 0.506682,14724.468254,4.984375, 1 
 0.64064,14349.68,4.62029, 1 
 0.6191,14285.0,5.0, 0 
 0.560908,14977.852941,5.0, 0 
 0.44088,14745.964567,4.574194, 1 
 0.579521,15032.134328,4.983051, 0 
 0.421213,15420.66384,4.749247, 1 
 0.486325,15022.958333,3.862069, 1 
 0.686572,14139.0,5.0, 0 
 0.634834,14690.597101,4.298551, 0 
 0.614242,14445.5,5.0, 0 
 0.525014,14660.0,3.0, 0 
 0.575182,14763.5,4.676056, 1 
 0.43879,15208.230769,4.4, 1 
 0.5545,14213.0,5.0, 0 
 0.540683,14900.294521,4.898305, 0 
 0.532021,15293.352941,5.0, 0 
 0.656264,14546.0,5.0, 0 
 0.594663,14151.5,3.0, 0 
 0.588483,14772.218884,5.025424, 0 
 0.675575,15033.5,5.0, 0 
 0.556863,14808.0,5.0, 0 
 0.546875,14584.162791,4.348837, 0 
 0.533645,15090.857143,5.0, 0 
 0.688404,14835.0,5.0, 0 
 0.603207,14985.0,5.0, 0 
 0.638939,14668.5,5.0, 1 
 0.425514,14507.0,5.0, 0 
 0.600452,14997.396226,4.792453, 0 
 0.563287,14281.918239,4.932079, 0 
 0.482204,15368.726415,4.716981, 1 
 0.563287,14673.490196,4.882353, 0 
 0.543882,15283.0,5.0, 0 
 0.602972,14809.315789,5.0, 0 
 0.638503,15075.075472,4.716981, 0 
 0.588702,13699.447368,4.385744, 0 
 0.713023,14932.363636,5.0, 0 
 0.472832,14345.0,5.0, 0 
 0.717785,15054.0,5.0, 0 
 0.373782,15151.636364,5.0, 0 
 0.359946,15359.272727,5.0, 0 
 0.6927,14572.0,5.0, 0 
 0.596961,14509.0,5.0, 0 
 0.522106,14369.0,4.888889, 1 
 0.602314,14659.934426,4.879781, 0 
 0.534302,14682.6875,5.0, 0 
 0.521693,15138.235294,5.0, 0 
 0.58055,15107.5,5.0, 0 
 0.57065,14793.56,5.0, 0 
 0.672834,14626.0,5.0, 0 
 0.586997,13920.0,5.0, 0 
 0.471685,14739.0,4.0, 0 
 0.628291,14918.688679,4.764151, 0 
 0.63684,14884.689453,4.746235, 1 
 0.577265,13837.24,4.773585, 0 
 0.519172,15033.0,5.0, 0 
 0.502624,14229.5,5.0, 0 
 0.62055,14666.290323,4.651163, 0 
 0.667647,15085.0,5.0, 0 
 0.636119,14871.0,5.0, 0 
 0.571949,15281.857143,4.802817, 1 
 0.614769,14990.627907,4.627907, 1 
 0.472933,14929.75,4.0, 1 
 0.633808,14690.883495,4.868421, 0 
 0.578655,13747.130435,4.339623, 0 
 0.424832,14983.887097,4.498494, 1 
 0.092547,13486.0,4.0, 0 
 0.573026,14721.0,5.0, 0 
 0.444346,15193.151648,4.915254, 0 
 0.600845,14785.0,5.0, 0 
 0.474726,14694.593974,4.872979, 1 
 0.611728,14915.0,5.0, 1 
 0.630937,14534.51443,4.663173, 0 
 0.673342,14841.0,3.0, 0 
 0.629026,13911.0,4.880952, 0 
 0.617781,14934.0,5.0, 1 
 0.433112,14687.376,5.0, 0 
 0.490881,15115.666667,4.5, 0 
 0.500597,14772.208333,5.0, 0 
 0.593139,14617.833333,5.0, 0 
 0.565399,14385.571429,5.0, 0 
 0.434679,15065.2,5.0, 0 
 0.525336,14971.166667,4.888889, 0 
 0.66026,14464.444444,4.888889, 0 
 0.685019,14604.0,5.0, 1 
 0.503555,15338.565217,4.982609, 0 
 0.601725,14856.181818,5.0, 0 
 0.591912,14903.0,4.0, 0 
 0.57594,15109.0,5.0, 0 
 0.582301,14961.777778,4.0, 1 
 0.570747,14504.412863,4.235414, 0 
 0.60287,14447.666667,3.666667, 0 
 0.401609,13863.318182,4.583333, 0 
 0.599489,14711.5,3.0, 0 
 0.555382,14697.333333,5.0, 0 
 0.50683,14333.571429,4.785714, 1 
 0.591742,14234.694444,4.947034, 0 
 0.548443,15130.190476,4.619048, 0 
 0.444175,14528.0,4.7, 1 
 0.636726,14418.644068,4.928571, 0 
 0.472408,14805.777778,4.077079, 1 
 0.587625,14881.3,3.8, 0 
 0.683897,14844.0,5.0, 0 
 0.558721,15039.436508,4.888889, 0 
 0.545559,14113.41989,4.62439, 0 
 0.579063,14532.76,3.93913, 0 
 0.425139,14495.633333,5.0, 0 
 0.614242,14445.5,5.0, 0 
 0.568812,14698.833333,4.071429, 0 
 0.60056,14897.740741,4.413793, 1 
 0.61425,14636.5,4.0, 1 
 0.568388,14608.0,3.0, 1 
 0.506331,14726.0,5.0, 1 
 0.530633,14800.902439,4.746032, 0 
 0.517031,14526.464286,4.97619, 0 
 0.569022,14886.634409,4.969574, 1 
 0.588788,14574.0,5.0, 0 
 0.391421,14094.0,5.0, 0 
 0.595854,14681.851852,3.706897, 1 
 0.57268,15120.6875,3.875, 0 
 0.562434,15198.883721,5.186047, 1 
 0.573356,13640.5,3.0, 0 
 0.428883,14715.275,4.902542, 0 
 0.556638,15272.5,5.0, 0 
 0.630026,14395.877193,4.548246, 0 
 0.580193,14575.0,5.0, 0 
 0.659175,14589.0,5.0, 0 
 0.377639,14708.294118,4.944573, 1 
 0.576844,14545.0,5.0, 0 
 0.62222,14464.0,3.0, 0 
 0.60495,14905.508559,4.99521, 1 
 0.536268,13998.0,4.0, 0 
 0.656264,14546.0,5.0, 0 
 0.496743,15038.916667,4.75, 0 
 0.480501,14022.210526,4.761905, 0 
 0.50297,14742.009346,4.912698, 0 
 0.503497,14415.417391,5.0, 0 
 0.585781,15043.333333,5.0, 0 
 0.598009,14193.285714,4.775956, 0 
 0.713342,14848.0,5.0, 0 
 0.605086,14091.5,3.0, 0 
 0.495869,14564.540323,4.8125, 0 
 0.478873,15154.5,4.982456, 1 
 0.530114,15221.097884,5.178899, 0 
 0.622892,14112.232558,4.985507, 0 
 0.602128,14970.8,3.793103, 0 
 0.529735,14537.0,5.0, 0 
 0.600585,14482.0,4.2, 0 
 0.579892,15148.0,4.0, 0 
 0.601972,14747.357143,4.809524, 0 
 0.59929,15056.714286,4.714286, 0 
 0.633808,14690.883495,4.868421, 0 
 0.504636,14256.169811,4.084556, 0 
 0.475246,14044.0,4.5, 0 
 0.558943,14867.409091,5.0, 0 
 0.579681,14953.0,5.0, 1 
 0.502867,14499.707965,4.965217, 0 
 0.552938,14540.75,4.5, 0 
 0.550412,14737.84,5.0, 0 
 0.130482,13814.125,4.3125, 0 
 0.587878,14564.0,5.0, 0 
 0.536745,14244.75,5.0, 0 
 0.634218,14500.599338,4.623188, 0 
 0.698006,14874.0,3.0, 1 
 0.515248,14297.666667,5.0, 0 
 0.624118,15088.647887,4.915493, 0 
 0.618764,14971.777778,4.333333, 0 
 0.515752,14844.552632,4.894981, 1 
 0.50801,15308.882353,6.380952, 1 
 0.14337,13760.666667,4.888889, 0 
 0.616006,14610.0,5.0, 0 
 0.610716,15035.0,5.0, 0 
 0.669458,14507.847495,4.508532, 0 
 0.645072,14845.0,5.0, 0 
 0.495869,14564.540323,4.8125, 0 
 0.579521,15032.134328,4.983051, 0 
 0.550884,14737.810811,4.972973, 0 
 0.566751,14277.0,4.0, 0 
 0.58807,14237.589552,4.313253, 0 
 0.655654,14509.763158,4.662162, 0 
 0.469593,14603.627451,4.470968, 1 
 0.472267,14899.784314,4.546075, 0 
 0.537299,14793.117647,5.0, 0 
 0.707885,14463.615034,4.922921, 0 
 0.515843,15075.113043,4.965217, 0 
 0.537155,14974.5,5.0, 0 
 0.582378,14035.083333,4.444444, 0 
 0.606958,14498.0,5.0, 0 
 0.556868,15032.6,4.0, 1 
 0.634759,14196.0,3.0, 0 
 0.538456,15011.481848,4.295652, 0 
 0.534588,15085.735294,5.0, 0 
 0.63856,14656.0,5.0, 0 
 0.319861,14118.333333,3.875, 0 
 0.473636,15611.570513,4.661202, 0 
 0.472834,15214.68,5.608696, 1 
 0.515455,14593.76,5.0, 0 
 0.484558,14191.875,4.179299, 0 
 0.709763,14389.0,5.0, 0 
 0.553826,14553.5,4.5, 0 
 0.695231,14274.5,5.0, 0 
 0.512105,14005.0,4.0, 0 
 0.568952,14285.860465,4.901408, 0 
 0.500036,14770.019148,4.62845, 0 
 0.631085,14880.0,5.0, 1 
 0.509767,14552.5,4.0, 0 
 0.431869,14617.725225,4.486446, 0 
 0.572342,15251.0,9.0, 1 
 0.688899,14595.481481,4.962963, 0 
 0.668532,14543.0,5.0, 0 
 0.583612,14574.0,5.0, 0 
 0.497435,14534.0,5.0, 0 
 0.515075,14712.0,3.5, 0 
 0.699087,13987.011494,4.429363, 0 
 0.552452,14493.333333,5.0, 1 
 0.589768,14772.666667,4.4, 0 
 0.588323,13762.428571,4.705882, 0 
 0.483698,14180.360656,4.944535, 0 
 0.63523,14740.0,3.0, 0 
 0.580253,15022.036585,4.697561, 1 
 0.442523,14678.7,4.607843, 0 
 0.602914,14921.0,5.0, 0 
 0.64596,14516.660714,5.309524, 1 
 0.587937,14218.0,5.0, 0 
 0.685834,13836.9,4.99169, 0 
 0.537944,13997.0,3.0, 0 
 0.667157,14469.0,5.0, 0 
 0.665819,14310.0,4.824324, 1 
 0.679133,14951.0,5.0, 0 
 0.469879,15014.807487,4.559727, 1 
 0.474252,14333.0,5.0, 0 
 0.473636,15611.570513,4.661202, 0 
 0.515379,14857.944444,4.888889, 0 
 0.525014,14660.0,3.0, 0 
 0.605861,14479.7,5.0, 0 
 0.639072,14913.0,5.0, 0 
 0.585609,15259.029412,5.0, 0 
 0.696477,14658.0,3.0, 0 
 0.582252,14357.0,5.0, 0 
 0.624118,15088.647887,4.915493, 0 
 0.539537,14745.0,3.0, 0 
 0.575282,14963.0,5.0, 0 
 0.61157,14986.214286,4.285714, 0 
 0.543776,15174.352564,5.144068, 1 
 0.537051,15332.0,5.0, 0 
 0.586352,14801.582734,4.333333, 0 
 0.464733,14729.068323,4.99169, 0 
 0.667998,14198.166667,4.927536, 0 
 0.529811,14861.067416,4.947826, 0 
 0.560765,14380.617647,5.0, 0 
 0.580538,14738.0,3.0, 0 
 0.579751,14973.209746,4.963983, 1 
 0.494559,14739.763636,5.0, 1 
 0.604216,14320.5,3.0, 0 
 0.3843,14682.0,4.816901, 1 
 0.605759,14912.389831,4.874317, 1 
 0.686328,14831.5,5.0, 0 
 0.567085,14541.0,5.0, 0 
 0.506841,14545.125,4.763458, 0 
 0.658547,14832.0,5.0, 1 
 0.534065,15143.074074,5.0, 1 
 0.487356,14949.315789,5.0, 1 
 0.522958,14443.875,4.842105, 1 
 0.572166,14040.240741,4.103448, 0 
 0.688334,14644.75,5.0, 0 
 0.556998,14530.75,5.0, 0 
 0.537218,14702.0,5.0, 0 
 0.588443,14224.188406,4.556604, 0 
 0.626398,14517.409556,4.767918, 0 
 0.472408,14805.777778,4.077079, 1 
 0.653523,14785.705882,4.146789, 1 
 0.628137,14394.090909,4.142202, 0 
 0.518381,15004.970588,5.0, 1 
 0.604867,14608.8,5.0, 0 
 0.486992,14342.390244,5.0, 0 
 0.592968,14682.0,3.0, 0 
 0.50015,14200.0,4.0, 0 
 0.507274,14241.182927,4.886957, 0 
 0.534665,14756.0,5.0, 0 
 0.60672,14638.857143,4.619048, 0 
 0.673325,14567.833333,4.444444, 0 
 0.627254,14770.361702,4.914894, 0 
 0.669915,14827.103448,5.0, 0 
 0.613768,14605.674419,4.348837, 0 
 0.550011,15079.026316,5.0, 1 
 0.676671,14385.711538,4.756592, 0 
 0.604581,14174.333333,5.0, 0 
 0.615611,14801.333333,4.0, 0 
 0.494794,15051.363636,4.796875, 1 
 0.526805,14696.0,5.0, 0 
 0.563287,14281.918239,4.932079, 0 
 0.680796,14908.8,5.142857, 1 
 0.528994,14390.5,5.0, 0 
 0.560223,15202.421053,5.0, 0 
 0.473573,14721.0,4.5, 1 
 0.515435,14607.215385,4.507937, 1 
 0.497477,14154.587805,4.663415, 0 
 0.632962,14306.222222,4.056314, 0 
 0.550884,14737.810811,4.972973, 0 
 0.368507,14422.0,4.833333, 0 
 0.520871,14766.166667,5.0, 0 
 0.622246,14888.209302,4.395349, 0 
 0.499069,15007.0,5.0, 0 
 0.120046,13298.5,3.5, 0 
 0.608305,14512.5,4.0, 0 
 0.482134,15201.661376,4.926978, 1 
 0.524378,14653.0,3.0, 0 
 0.441518,14699.726937,4.737288, 0 
 0.694617,14533.666667,5.0, 0 
 0.525014,14660.0,3.0, 0 
 0.548235,14757.8,5.0, 0 
 0.551964,15471.555556,4.925926, 0 
 0.560194,14659.0,4.0, 0 
 0.536222,14807.0,3.0, 0 
 0.10731,13792.2,5.0, 0 
 0.441966,15467.628355,4.902481, 1 
 0.478873,15154.5,4.982456, 1 
 0.528675,13954.0,5.0, 0 
 0.563776,14171.333333,4.777778, 0 
 0.566519,14123.0,4.966102, 0 
 0.525051,15011.69697,4.302326, 1 
 0.401609,13863.318182,4.583333, 0 
 0.468812,14643.93617,4.235495, 1 
 0.640686,14858.0,3.0, 1 
 0.478435,14227.0,5.0, 0 
 0.515052,14213.748366,4.934747, 0 
 0.63115,15228.0,5.0, 0 
 0.559342,14690.133333,4.625, 1 
 0.441966,15467.628355,4.902481, 1 
 0.49346,14705.771429,4.915493, 0 
 0.608144,14449.3,4.904762, 0 
 0.559439,14873.0,5.0, 0 
 0.605019,15114.0,5.0, 0 
 0.442329,14277.481481,5.0, 0 
 0.473319,14680.9,4.808511, 0 
 0.579506,14616.0,5.0, 0 
 0.652994,15077.5,5.0, 0 
 0.657085,14487.0,5.0, 0 
 0.478435,14227.0,5.0, 0 
 0.502898,14715.0,5.0, 1 
 0.662968,14757.0,3.0, 0 
 0.43433,14755.807018,4.859155, 0 
 0.60611,14689.0,5.0, 0 
 0.654292,15108.0,5.0, 0 
 0.536492,14626.0,3.0, 0 
 0.676258,14725.5,4.888889, 0 
 0.621461,14393.0,5.0, 0 
 0.423742,14551.812883,4.420181, 1 
 0.426519,14228.285714,5.0, 0 
 0.510788,15009.966667,5.0, 0 
 0.696085,14374.0,5.0, 0 
 0.536977,14786.842105,4.982609, 0 
 0.533068,14818.4,3.8, 0 
 0.558044,14969.666667,4.886792, 1 
 0.583612,14574.0,5.0, 0 
 0.406965,13873.0,4.617073, 0 
 0.605563,14296.256757,4.891892, 0 
 0.576353,14798.568627,4.607843, 0 
 0.449513,15000.4,5.0, 0 
 0.581125,14628.333333,4.952381, 0 
 0.452882,14432.54902,4.504878, 1 
 0.617781,14934.0,5.0, 1 
 0.663091,14984.0,4.777778, 0 
 0.567387,15247.075472,4.811321, 1 
 0.464813,15457.652174,4.965217, 0 
 0.539518,14563.444444,4.952381, 0 
 0.582539,14317.8,4.84507, 0 
 0.541174,13813.5,3.0, 0 
 0.596937,14722.0,3.666667, 0 
 0.389513,14916.817726,4.794457, 1 
 0.48512,14459.698745,4.562806, 0 
 0.681533,14933.0,5.0, 0 
 0.648838,14572.087719,4.913043, 0 
 0.614932,14462.0,5.0, 0 
 0.519862,15126.5,5.0, 0 
 0.598429,14689.0,4.538462, 0 
 0.607632,14791.306589,4.935843, 1 
 0.538794,14166.0,5.0, 0 
 0.702344,14662.932011,4.43871, 0 
 0.699433,14652.722543,4.535484, 0 
 0.682466,14652.0,5.0, 0 
 0.660444,14550.375,4.615385, 0 
 0.46791,14607.346154,4.98892, 1 
 0.428941,14417.533333,4.431193, 0 
 0.424902,14812.0,4.93617, 1 
 0.708939,14153.0,5.0, 0 
 0.642696,14597.666667,5.0, 0 
 0.631953,14908.374563,4.44095, 0 
 0.536685,14660.111111,4.830189, 0 
 0.570324,14513.5,5.0, 0 
 0.491819,13948.584071,4.796814, 0 
 0.527699,14948.0,5.0, 1 
 0.523611,15020.673716,4.565217, 1 
 0.453973,14853.0,5.0, 0 
 0.577438,15144.0,4.0, 0 
 0.512178,14624.447368,5.0, 0 
 0.174045,13779.169014,4.676056, 0 
 0.449647,14970.385965,4.692982, 1 
 0.574245,15030.5,5.0, 0 
 0.632868,14532.193548,4.914894, 0 
 0.572342,15251.0,9.0, 1 
 0.524845,14711.603131,4.895907, 1 
 0.483524,14703.447917,4.98783, 1 
 0.450263,15438.45098,4.607843, 1 
 0.534588,15085.735294,5.0, 0 
 0.636939,14306.702326,4.745614, 0 
 0.479156,14784.058824,5.0, 1 
 0.600617,14891.5,5.0, 1 
 0.467766,14807.933333,4.894098, 1 
 0.635206,14414.0,4.690512, 1 
 0.467505,14749.933333,4.944598, 1 
 0.572482,14366.0,5.0, 0 
 0.556909,14524.333333,5.0, 0 
 0.682284,14780.0,5.0, 1 
 0.456558,13864.566667,5.0, 0 
 0.711535,13965.0,3.703226, 0 
 0.671326,14726.676056,4.971831, 0 
 0.580911,15018.568627,4.686275, 0 
 0.439677,14765.448276,5.0, 1 
 0.615611,14801.333333,4.0, 0 
 0.522769,13994.0,5.0, 0 
 0.57268,15120.6875,3.875, 0 
 0.627471,14745.637931,3.724138, 0 
 0.564002,14445.190476,5.0, 0 
 0.438145,14369.509091,4.970339, 0 
 0.624863,14628.849462,4.716867, 0 
 0.580912,14770.4,4.4, 1 
 0.48652,14438.944444,4.833333, 0 
 0.65587,14562.0,3.5, 0 
 0.623837,14455.619048,4.36612, 1 
 0.513786,14652.233871,4.857143, 0 
 0.667583,14115.0,5.0, 0 
 0.644475,15039.25,5.0, 0 
 0.532313,14489.0,3.0, 0 
 0.480916,14909.0,3.637931, 1 
 0.673747,14453.782609,4.971014, 0 
 0.70851,14391.070423,4.716129, 0 
 0.545559,14113.41989,4.62439, 0 
 0.65028,14800.125,4.888889, 0 
 0.569658,14462.0,3.0, 1 
 0.556669,14858.173828,4.875347, 0 
 0.396272,14332.0,4.382927, 0 
 0.467998,14839.493443,4.862969, 0 
 0.55408,14761.666667,4.962963, 0 
 0.55267,14439.3,5.0, 1 
 0.605278,14567.666667,3.0, 0 
 0.598544,14884.5,5.0, 0 
 0.734616,14596.0,5.0, 0 
 0.6601,14500.5,4.0, 0 
 0.603396,14807.190476,4.809524, 0 
 0.532569,15049.470588,5.0, 1 
 0.547673,14237.6,5.0, 0 
 0.657085,14487.0,5.0, 0 
 0.485756,14126.0,4.59434, 0 
 0.565173,14262.6,5.0, 0 
 0.423182,14586.164706,4.476657, 0 
 0.456703,14881.116,4.6, 0 
 0.640377,14457.5,4.698113, 0 
 0.48459,14717.903226,5.0, 1 
 0.697041,14259.0,4.888889, 0 
 0.695167,14588.75,5.0, 0 
 0.546486,14343.0,5.0, 0 
 0.619246,14814.0,5.0, 0 
 0.465956,14303.4,5.0, 0 
 0.5931,14916.069565,4.318841, 1 
 0.513785,14525.227273,3.637931, 0 
 0.618064,14122.25,4.914894, 0 
 0.634633,14923.607143,4.97619, 0 
 0.530114,15221.097884,5.178899, 0 
 0.630733,14373.971941,4.669462, 0 
 0.563287,14673.490196,4.882353, 0 
 0.573999,14468.0,3.0, 1 
 0.688334,14644.75,5.0, 0 
 0.543778,14765.25,5.0, 1 
 0.625488,14941.214286,4.428571, 0 
 0.421794,14460.857143,5.0, 0 
 0.576319,14402.818182,5.0, 0 
 0.571093,14798.5,4.75, 0 
 0.567085,14541.0,5.0, 0 
 0.572482,14366.0,5.0, 0 
 0.492132,14892.8,5.0, 0 
 0.517935,14823.617647,5.882353, 1 
 0.478502,14614.36,5.0, 0 
 0.641675,15005.0,5.0, 0 
 0.687941,14413.0,4.0, 0 
 0.446279,15151.963746,4.859233, 1 
 0.121439,13969.181818,5.0, 0 
 0.56985,13914.0,4.395349, 0 
 0.552721,14405.0,3.0, 0 
 0.57627,14959.053908,4.421384, 1 
 0.586448,13891.650602,4.97619, 0 
 0.58786,14688.4,4.8, 0 
 0.63613,14709.626984,4.382609, 1 
 0.687639,14672.0,5.0, 0 
 0.586448,13891.650602,4.97619, 0 
 0.441084,14288.266667,4.75, 0 
 0.456017,14027.5,4.0, 0 
 0.609722,14381.618343,4.479358, 0 
 0.466677,14517.076923,4.235495, 1 
 0.4275,14882.0,5.0, 0 
 0.538733,14259.0,5.0, 0 
 0.498599,14544.433333,4.33913, 1 
 0.662241,14018.806452,4.804688, 0 
 0.544498,14395.5,5.0, 0 
 0.626756,14812.0,3.0, 0 
 0.434481,14581.593074,4.355505, 0 
 0.427322,13799.91453,4.982906, 0 
 0.410039,14721.166667,4.647887, 1 
 0.513233,14709.0,5.0, 0 
 0.570244,14596.75,4.732394, 0 
 0.575863,13994.815217,4.830189, 0 
 0.626348,14063.12,5.0, 0 
 0.631131,14356.333333,5.0, 0 
 0.548776,14734.843137,4.947826, 0 
 0.485788,14705.446809,5.0, 1 
 0.454228,14929.571429,4.904762, 1 
 0.579681,14953.0,5.0, 1 
 0.630227,14815.555556,4.555556, 0 
 0.715045,14961.0,5.0, 0 
 0.536006,14715.0,5.0, 1 
 0.516076,13967.0,5.0, 0 
 0.66514,14392.398438,4.796875, 0 
 0.431869,14617.725225,4.486446, 0 
 0.540635,14717.625,4.142857, 1 
 0.511655,14475.68,5.0, 0 
 0.508593,14919.15415,5.229917, 1 
 0.525051,15011.69697,4.302326, 1 
 0.657081,15186.0,5.0, 0 
 0.54554,14486.0,5.0, 0 
 0.592685,14843.047619,4.679245, 0 
 0.616579,14952.0,5.0, 1 
 0.58915,14143.5,4.888889, 0 
 0.536325,14487.948718,4.73913, 0 
 0.602404,14584.0,5.0, 1 
 0.613795,14608.073171,4.513514, 1 
 0.563992,14480.0,5.0, 0 
 0.561,13742.15,4.619718, 0 
 0.369285,14884.0,5.0, 0 
 0.651397,14601.0,5.0, 1 
 0.643733,14652.808511,5.0, 0 
 0.487963,14325.0,3.986949, 0 
 0.506076,14588.538462,4.125, 0 
 0.631994,14337.0,5.0, 0 
 0.532199,15405.98002,5.271001, 1 
 0.651685,14734.108545,4.477064, 1 
 0.601603,14788.5,3.0, 0 
 0.573024,15059.75,5.0, 1 
 0.441666,15016.633333,5.0, 0 
 0.554327,14594.6,4.704225, 0 
 0.4751,14361.0,5.0, 0 
 0.617811,14806.868852,4.912568, 1 
 0.365765,14669.617978,4.497113, 1 
 0.600742,14700.0,3.0, 1 
 0.474517,14646.5,5.0, 0 
 0.584274,14536.202381,4.54717, 0 
 0.506443,14078.916667,4.732463, 0 
 0.631937,14818.737973,4.542922, 1 
 0.585315,15105.555556,4.555556, 1 
 0.436657,14754.170213,4.857923, 0 
 0.640391,14916.545455,4.97619, 0 
 0.538957,14527.589189,4.920323, 1 
 0.529811,14861.067416,4.947826, 0 
 0.439825,14363.285714,4.898305, 0 
 0.534045,15360.428571,6.695652, 1 
 0.731072,14434.0,4.0, 0 
 0.513625,14240.733333,4.880952, 1 
 0.675918,14683.233766,4.736842, 0 
 0.606789,14329.684211,4.153623, 0 
 0.519147,14711.714286,5.0, 0 
 0.50297,14742.009346,4.912698, 0 
 0.703983,14867.932806,4.926978, 0 
 0.512949,14030.961039,4.295269, 0 
 0.642466,14158.0,5.0, 1 
 0.574426,14476.5,5.0, 1 
 0.546154,14559.330435,4.965217, 0 
 0.608492,14729.5,3.0, 0 
 0.522825,14782.0,3.0, 0 
 0.622407,14710.0,5.0, 0 
 0.602715,14795.0,5.0, 0 
 0.663364,15017.111111,4.444444, 0 
 0.617781,14934.0,5.0, 1 
 0.467017,14498.4,5.0, 1 
 0.600926,14707.507042,4.774648, 0 
 0.514803,14151.248619,4.471132, 0 
 0.553002,15283.322404,4.672131, 0 
 0.560956,15239.671053,4.842105, 1 
 0.628873,14577.0,3.5, 1 
 0.531416,14593.142857,4.36, 0 
 0.628137,14394.090909,4.142202, 0 
 0.585995,14608.497778,4.463768, 0 
 0.514508,14708.0,4.0, 0 
 0.63473,14738.5,3.0, 0 
 0.561629,14670.5,5.0, 1 
 0.529636,14049.558824,4.595339, 0 
 0.476538,15228.394737,5.0, 0 
 0.581743,14696.0,3.0, 0 
 0.569896,14236.470588,4.823529, 0 
 0.52418,14666.0,5.0, 0 
 0.691341,14957.0,5.0, 0 
 0.481053,14913.375405,4.736803, 0 
 0.506683,15467.875,6.141791, 1 
 0.570774,14616.571429,4.958955, 0 
 0.470155,15030.0,5.0, 0 
 0.611015,14095.472477,4.929825, 0 
 0.612995,14743.319651,4.980154, 1 
 0.613922,14660.702128,5.0, 0 
 0.616928,14577.0,5.0, 0 
 0.614471,13611.0,4.921053, 0 
 0.464954,14635.339623,4.811321, 0 
 0.610429,14597.37037,4.787234, 0 
 0.623737,14602.740741,5.0, 0 
 0.476217,15157.210117,4.895536, 1 
 0.471895,14105.2,4.028398, 0 
 0.472134,14493.52,5.0, 0 
 0.512805,15091.684755,4.931485, 0 
 0.585039,14746.0,5.0, 0 
 0.541603,14482.285714,4.463768, 0 
 0.632882,14580.534884,4.735849, 0 
 0.572598,14916.5,5.0, 0 
 0.424832,14983.887097,4.498494, 1 
 0.466677,14517.076923,4.235495, 1 
 0.526296,14918.9375,5.0, 0 
 0.671326,14726.676056,4.971831, 0 
 0.625647,15333.0,5.0, 0 
 0.574426,14476.5,5.0, 1 
 0.610376,14665.0,4.232558, 0 
 0.688382,14835.0,3.5, 1 
 0.631031,14994.0,5.0, 0 
 0.681533,14933.0,5.0, 0 
 0.461984,15071.014706,4.78922, 1 
 0.63684,14884.689453,4.746235, 1 
 0.624277,14047.5,5.0, 0 
 0.594195,14455.0,5.0, 0 
 0.623532,14266.0,3.0, 0 
 0.427011,14591.97037,4.681476, 1 
 0.640565,14594.086957,5.0, 0 
 0.540158,14426.272727,4.017241, 1 
 0.619163,14816.0,4.0, 0 
 0.655475,14684.055556,5.0, 0 
 0.456017,14027.5,4.0, 0 
 0.695635,14419.112676,4.746479, 0 
 0.556622,14940.0,3.666667, 1 
 0.484724,14849.421053,5.0, 0 
 0.673325,14567.833333,4.444444, 0 
 0.508305,14775.583333,4.583333, 0 
 0.577932,14175.583333,4.97619, 0 
 0.656426,14395.5,3.0, 0 
 0.611786,14044.333333,5.0, 0 
 0.472834,15214.68,5.608696, 1 
 0.513625,14240.733333,4.880952, 1 
 0.659369,13980.38843,4.960938, 0 
 0.50354,14580.3125,4.804688, 1 
 0.617843,14723.4,4.6, 0 
 0.547465,14678.212121,5.0, 0 
 0.608402,14199.0,3.666667, 0 
 0.674904,14596.0,5.0, 0 
 0.448412,14489.583789,4.981524, 0 
 0.53404,14537.593812,4.913873, 1 
 0.385054,14448.916667,4.956522, 1 
 0.536148,14558.0,5.0, 0 
 0.624118,15088.647887,4.915493, 0 
 0.523643,14952.714286,4.817073, 1 
 0.538799,14014.160377,4.957852, 0 
 0.329875,14964.272727,5.0, 0 
 0.585081,14543.4,4.2, 0 
 0.472904,14887.115385,4.926978, 0 
 0.524633,14766.0,5.0, 0 
 0.697144,14791.0,5.0, 0 
 0.564743,14758.0,5.0, 0 
 0.468836,14594.487805,4.921875, 0 
 0.544291,15154.0,5.0, 0 
 0.518813,14783.811321,4.886792, 0 
 0.560461,15091.333333,3.0, 0 
 0.588574,13913.0,4.568627, 0 
 0.600663,15006.0,5.0, 0 
 0.567611,14761.4,5.0, 0 
 0.610429,14597.37037,4.787234, 0 
 0.559342,14690.133333,4.625, 1 
 0.56985,13914.0,4.395349, 0 
 0.638351,14647.0,3.0, 0 
 0.461352,14641.0,4.941272, 0 
 0.615137,14625.0,5.0, 0 
 0.592345,13823.861111,4.878378, 0 
 0.527271,15022.0,3.0, 0 
 0.568734,14743.0,5.0, 0 
 0.590484,14159.333333,5.0, 0 
 0.620817,14430.5,3.0, 0 
 0.634834,14690.597101,4.298551, 0 
 0.636726,14418.644068,4.928571, 0 
 0.546738,14431.444444,5.0, 1 
 0.479998,15225.982456,5.0, 0 
 0.723267,14824.0,5.0, 0 
 0.642346,13764.557692,4.94929, 0 
 0.625392,14394.0,3.5, 0 
 0.588011,14811.842105,3.655172, 1 
 0.574426,14476.5,5.0, 1 
 0.56484,14423.0,3.0, 0 
 0.701565,14146.083333,3.948387, 0 
 0.58639,14123.0,3.0, 0 
 0.515248,14297.666667,5.0, 0 
 0.655916,14739.0,4.0, 0 
 0.435367,14722.40051,4.898305, 0 
 0.510489,14252.125,4.086207, 0 
 0.476959,14054.333333,4.625, 0 
 0.657366,14645.75,4.964286, 0 
 0.429191,15001.746914,4.643072, 1 
 0.470658,14887.444444,4.95614, 1 
 0.504111,14087.555556,4.172414, 0 
 0.630556,13929.758065,4.891892, 0 
 0.619727,14357.0,4.428571, 0 
 0.65963,14918.0,5.0, 0 
 0.594617,14943.0,4.0, 0 
 0.535231,15086.611111,4.888889, 0 
 0.503515,14834.052632,3.724138, 1 
 0.697767,14833.0,5.0, 0 
 0.515754,14163.603143,4.763458, 0 
 0.499876,15160.458333,4.666667, 1 
 0.573963,14801.7,3.8, 1 
 0.457004,14646.0,4.93913, 1 
 0.585481,14526.9,4.2, 0 
 0.574706,14570.653351,4.792554, 0 
 0.526338,14964.424942,4.959584, 1 
 0.533474,14778.5,5.0, 0 
 0.495343,14745.0,5.0, 1 
 0.592957,14621.8,4.375, 0 
 0.446279,15151.963746,4.859233, 1 
 0.629497,15187.888889,4.888889, 0 
 0.547747,14922.0,5.0, 0 
 0.487941,14517.466667,5.0, 0 
 0.497609,14713.714286,5.0, 1 
 0.645652,14894.0,5.0, 0 
 0.624658,14454.0,5.0, 0 
 0.477516,15391.495652,4.304348, 1 
 0.502366,14412.5,4.644809, 0 
 0.588011,14811.842105,3.655172, 1 
 0.62542,14418.551195,4.556314, 0 
 0.461416,14095.678571,5.0, 0 
 0.490148,15441.553571,4.086207, 1 
 0.587625,14881.3,3.8, 0 
 0.447169,14401.533333,4.901408, 0 
 0.540663,13749.0,4.273171, 0 
 0.611025,14949.0,5.0, 0 
 0.588391,14539.0,3.0, 0 
 0.634132,14421.945946,4.716981, 0 
 0.532569,15049.470588,5.0, 1 
 0.630983,14725.5,5.0, 0 
 0.723267,14824.0,5.0, 0 
 0.576046,14755.5,5.0, 0 
 0.661699,14364.0,5.0, 0 
 0.438553,14720.307692,5.0, 1 
 0.622966,14855.5,3.0, 1 
 0.583466,14402.228571,4.764706, 0 
 0.63519,14999.0,5.0, 0 
 0.50354,14580.3125,4.804688, 1 
 0.590409,15065.666667,3.0, 0 
 0.538456,15011.481848,4.295652, 0 
 0.606802,14357.25,4.119266, 0 
 0.528226,15375.047619,4.714286, 1 
 0.644838,14237.727273,4.22973, 1 
 0.525336,14971.166667,4.888889, 0 
 0.654314,14360.0,5.0, 0 
 0.63352,14869.0,5.0, 0 
 0.697282,14532.112676,4.943662, 0 
 0.656282,14294.241379,4.837838, 1 
 0.623075,14741.0,5.0, 0 
 0.507127,14891.344828,3.758621, 0 
 0.622723,14553.333333,3.0, 0 
 0.657366,14645.75,4.964286, 0 
 0.62817,15225.0,5.0, 1 
 0.533279,13714.0,3.7, 0 
 0.578616,14681.0,5.0, 0 
 0.475513,14598.671781,4.558084, 1 
 0.661154,14460.736842,4.945313, 0 
 0.528958,14219.0,3.0, 0 
 0.619918,14436.632075,4.735849, 0 
 0.552122,14442.439093,4.223004, 0 
 0.636432,14411.076923,4.478163, 1 
 0.496884,15114.0,5.0, 0 
 0.559443,14559.0,3.0, 0 
 0.624507,14828.340426,5.0, 0 
 0.475246,14044.0,4.5, 0 
 0.583939,14882.888889,4.971014, 0 
 0.479684,14490.196078,4.777778, 0 
 0.570595,14718.142857,4.666667, 0 
 0.506443,14078.916667,4.732463, 0 
 0.623075,14741.0,5.0, 0 
 0.607293,15070.930233,4.348837, 1 
 0.490843,14675.789474,5.0, 0 
 0.636089,14316.0,5.0, 0 
 0.578944,14837.401709,5.382813, 1 
 0.504656,14234.0,4.478261, 0 
 0.508428,15213.141414,4.814029, 0 
 0.559031,14215.0,5.0, 0 
 0.598507,14834.025,4.348837, 0 
 0.66698,15012.379121,4.815789, 0 
 0.557821,14724.977528,4.722222, 0 
 0.485886,14291.666667,4.98892, 1 
 0.599489,14711.5,3.0, 0 
 0.464954,14635.339623,4.811321, 0 
 0.650259,14521.5,7.0, 1 
 0.3435,14865.333333,5.0, 0 
 0.700139,14530.363636,5.0, 0 
 0.690175,14847.566502,4.98338, 0 
 0.657174,14648.428571,4.692308, 0 
 0.665832,14902.0,5.0, 0 
 0.551964,14657.52964,5.044311, 1 
 0.486634,14536.875,4.333333, 0 
 0.522567,14776.5,4.428571, 1 
 0.329875,14964.272727,5.0, 0 
 0.610429,14597.37037,4.787234, 0 
 0.41455,14174.875,4.5, 0 
 0.541603,14482.285714,4.463768, 0 
 0.519254,14615.92,5.0, 0 
 0.587078,14726.386792,4.735849, 0 
 0.523873,14667.333333,5.0, 1 
 0.634151,14861.0,5.0, 0 
 0.497872,14993.5,5.0, 0 
 0.635704,15254.25,5.0, 0 
 0.464543,14644.248879,4.735495, 0 
 0.512674,14711.6,5.0, 0 
 0.607559,14998.068966,3.827586, 0 
 0.446716,14437.0,5.0, 0 
 0.577146,14553.5,4.0, 0 
 0.623853,14280.428571,4.913043, 0 
 0.607123,14076.0,4.222222, 0 
 0.567085,14541.0,5.0, 0 
 0.480901,14937.705882,5.0, 1 
 0.561629,14670.5,5.0, 1 
 0.4765,15171.25,4.0, 0 
 0.639806,14679.4,5.0, 0 
 0.737729,14895.0,5.0, 0 
 0.477828,14571.5,5.0, 0 
 0.597231,14645.254545,4.864865, 0 
 0.576391,14845.253521,4.887324, 0 
 0.618951,14727.962963,5.0, 0 
 0.569022,14886.634409,4.969574, 1 
 0.377467,14916.333333,5.0, 0 
 0.500058,14487.0,4.846154, 0 
 0.455269,14331.619048,4.898551, 1 
 0.582365,15078.349661,4.843373, 1 
 0.555768,15100.226695,5.427966, 1 
 0.558716,14798.6,4.846154, 1 
 0.636775,14821.75,5.0, 1 
 0.538249,14531.56,5.0, 0 
 0.532194,14633.0,3.0, 0 
 0.562096,15199.886957,4.385507, 1 
 0.634244,14014.125,4.985801, 0 
 0.684474,14443.791774,4.963489, 0 
 0.472933,14929.75,4.0, 1 
 0.619074,14399.0,3.0, 0 
 0.561922,14834.674603,4.68254, 0 
 0.420592,14607.656627,4.67561, 0 
 0.506048,14642.5,5.0, 0 
 0.549611,15222.814815,4.925926, 0 
 0.576046,14755.5,5.0, 0 
 0.592203,14332.519108,4.16055, 0 
 0.677933,14938.0,5.0, 0 
 0.592094,14934.0,5.0, 1 
 0.557955,14680.561644,4.945946, 0 
 0.523354,14681.0,4.0, 0 
 0.465339,14230.4,5.0, 0 
 0.624163,14917.0,5.0, 0 
 0.582846,14551.045455,4.837838, 0 
 0.478485,14373.946809,4.906467, 1 
 0.618971,15022.0,5.0, 0 
 0.603479,13938.090909,4.928571, 0 
 0.536318,15015.584071,4.944444, 0 
 0.542693,14321.15625,4.843137, 0 
 0.586474,14590.0,5.0, 0 
 0.570582,14590.23176,4.974576, 0 
 0.607169,14669.0,5.0, 0 
 0.421213,15420.66384,4.749247, 1 
 0.644724,14444.0,5.0, 0 
 0.202542,13862.5,5.0, 0 
 0.6148,14043.357143,3.551724, 0 
 0.615463,14582.209302,4.72093, 0 
 0.599816,14974.571429,5.023256, 1 
 0.736499,14804.0,5.0, 0 
 0.639409,14601.0,5.0, 0 
 0.43879,15208.230769,4.4, 1 
 0.550642,14548.0,3.714286, 0 
 0.610697,15071.669811,4.90566, 0 
 0.643506,14545.5,5.0, 0 
 0.652463,15005.0,5.0, 0 
 0.575046,14442.78,4.862745, 0 
 0.504575,14276.836066,4.920635, 1 
 0.608144,14449.3,4.904762, 0 
 0.499582,14554.0,4.852459, 0 
 0.531782,14622.5,5.0, 0 
 0.635198,14647.0,5.0, 0 
 0.510022,13681.0,5.0, 0 
 0.781723,14644.0,5.0, 1 
 0.60981,14607.892537,4.304348, 0 
 0.644606,14545.0,5.0, 0 
 0.624578,14618.0,5.0, 0 
 0.444479,14365.4,4.904762, 0 
 0.58501,14408.606061,4.674419, 0 
 0.554132,14674.5,5.0, 0 
 0.461745,15119.828746,4.419355, 0 
 0.625681,14913.333333,3.0, 0 
 0.483041,14952.877133,4.559727, 0 
 0.538968,14970.0,5.0, 0 
 0.553835,14428.210526,5.0, 0 
 0.696446,14426.0,5.0, 0 
 0.507266,14997.111111,4.444444, 1 
 0.52571,14454.838072,4.789261, 0 
 0.115211,13774.5,4.888889, 0 
 0.601972,14747.357143,4.809524, 0 
 0.528161,14543.428571,5.0, 0 
 0.538288,14199.5,4.6, 0 
 0.640735,15013.076923,4.846154, 0 
 0.433759,14490.77193,4.174312, 0 
 0.737729,14895.0,5.0, 0 
 0.455377,15152.875445,4.602439, 0 
 0.716763,14318.0,4.0, 0 
 0.518494,14522.16,5.0, 0 
 0.546094,14802.75,5.0, 0 
 0.549627,14390.5,4.0, 0 
 0.616834,14865.0,5.0, 0 
 0.69017,14395.0,4.117188, 0 
 0.641024,14595.082192,4.72973, 1 
 0.481273,14094.333333,4.388889, 0 
 0.570972,14806.5,4.0, 0 
 0.48392,14784.233333,5.0, 1 
 0.494709,14878.0,5.0, 0 
 0.687477,14561.0,3.0, 0 
 0.493649,14172.531915,4.526917, 0 
 0.470382,14840.444219,4.939148, 0 
 0.509226,14811.0,5.0, 1 
 0.527899,15355.823529,5.0, 0 
 0.669665,13814.125,4.922921, 0 
 0.638304,14349.5,4.0, 0 
 0.648551,14481.684211,4.517065, 0 
 0.482265,15145.349057,4.792453, 1 
 0.46089,14800.0,4.541935, 1 
 0.450221,13218.0,4.765012, 0 
 0.493815,14928.926496,4.767918, 0 
 0.61491,14821.666667,3.0, 0 
 0.623532,14266.0,3.0, 0 
 0.470658,14887.444444,4.95614, 1 
 0.584666,14391.0,5.0, 1 
 0.661367,14402.0,5.0, 0 
 0.548635,14923.295652,5.0, 1 
 0.623084,14408.910194,4.46789, 0 
 0.725891,14188.5,3.5, 0 
 0.665907,14616.0,5.0, 0 
 0.486723,14859.701754,5.0, 1 
 0.520774,13955.0,5.0, 0 
 0.484558,14191.875,4.179299, 0 
 0.515295,14369.0,5.0, 0 
 0.612828,14693.944444,4.555556, 0 
 0.586352,14801.582734,4.333333, 0 
 0.611207,14372.177083,4.984431, 1 
 0.470343,14916.108108,4.961219, 1 
 0.641013,14663.0,5.0, 0 
 0.416727,15233.140244,4.502439, 0 
 0.486541,14529.0,4.898858, 0 
 0.497164,13783.782609,4.018522, 0 
 0.665285,15000.0,5.0, 1 
 0.597083,14427.5,3.0, 0 
 0.491077,14831.0,5.0, 0 
 0.655361,14651.0,5.0, 0 
 0.490122,15112.184211,5.0, 1 
 0.589313,14193.333333,3.0, 0 
 0.666944,14210.5,5.0, 0 
 0.624578,14618.0,5.0, 0 
 0.608168,14801.078947,5.0, 0 
 0.472907,15389.722649,4.916339, 1 
 0.477828,14571.5,5.0, 0 
 0.69312,14369.0,5.0, 0 
 0.528731,14768.388889,4.814208, 0 
 0.641129,14329.5,3.0, 0 
 0.6432,14457.0,5.0, 0 
 0.606868,14337.5,5.0, 0 
 0.503975,14660.12,5.0, 0 
 0.571627,14413.511409,4.915169, 0 
 0.46824,14488.866667,4.947262, 0 
 0.444479,14365.4,4.904762, 0 
 0.501604,14817.6875,4.375, 0 
 0.657366,14645.75,4.964286, 0 
 0.525904,14568.342105,5.0, 0 
 0.506221,14497.754902,4.869494, 0 
 0.461761,14928.8,5.0, 0 
 0.696458,14627.3,5.0, 0 
 0.030735,13799.777778,4.888889, 0 
 0.34462,14411.769231,4.625, 0 
 0.447359,14993.6,4.809524, 1 
 0.649476,15015.5,5.0, 0 
 0.417525,14750.1,5.0, 0 
 0.548635,14923.295652,5.0, 1 
 0.664733,15087.833333,5.5, 1 
 0.55408,14761.666667,4.962963, 0 
 0.640378,14459.98827,4.321739, 0 
 0.504005,14857.0,5.0, 0 
 0.594981,14314.307692,4.912281, 0 
 0.620955,14747.957746,4.414396, 0 
 0.603207,14985.0,5.0, 0 
 0.482647,14651.736842,7.341935, 1 
 0.549393,14974.0,5.0, 1 
 0.458425,14740.828188,4.945545, 1 
 0.534582,13723.666667,4.070013, 0 
 0.616065,14184.625,4.913043, 0 
 0.520689,14569.5,5.0, 1 
 0.656426,14395.5,3.0, 0 
 0.437598,15048.0,4.5, 0 
 0.655674,14406.44186,4.837838, 1 
 0.582378,14035.083333,4.444444, 0 
 0.493649,14172.531915,4.526917, 0 
 0.616107,14387.5,5.0, 0 
 0.540004,14742.913043,4.348837, 1 
 0.616222,14271.5,3.0, 0 
 0.699442,14673.0,5.0, 0 
 0.542693,14321.15625,4.843137, 0 
 0.572166,14040.240741,4.103448, 0 
 0.14337,13760.666667,4.888889, 0 
 0.571933,13907.25,4.905389, 0 
 0.620742,14531.25,5.0, 0 
 0.611207,14372.177083,4.984431, 1 
 0.500087,15088.579365,4.637681, 1 
 0.481053,14913.375405,4.736803, 0 
 0.506066,15166.0,5.0, 0 
 0.570595,14718.142857,4.666667, 0 
 0.594016,14583.5,5.0, 0 
 0.465048,14488.95122,4.99169, 0 
 0.628138,14900.0,5.0, 0 
 0.588105,14807.166667,5.0, 0 
 0.644606,14545.0,5.0, 0 
 0.690886,14389.330709,4.612903, 0 
 0.512512,14347.733333,4.956522, 0 
 0.590097,14968.482456,4.77193, 0 
 0.425979,14624.914286,4.982609, 0 
 0.435307,14361.333333,4.174194, 1 
 0.470202,14782.0,5.0, 0 
 0.449085,14678.428571,4.809524, 0 
 0.627486,14707.5,3.0, 1 
 0.546738,14431.444444,5.0, 1 
 0.60176,15549.24,5.774648, 1 
 0.511612,14947.797927,4.87602, 0 
 0.421562,15119.951378,4.706325, 1 
 0.67262,14486.846154,4.546875, 0 
 0.326281,15144.818182,5.0, 0 
 0.537474,14433.0,4.475362, 1 
 0.587901,14292.466667,4.940476, 1 
 0.505589,14328.727273,5.0, 0 
 0.692408,14786.27381,4.928571, 1 
 0.447475,14659.5,5.0, 0 
 0.253472,13690.529851,4.955224, 0 
 0.662241,14018.806452,4.804688, 0 
 0.580435,14196.602151,4.745283, 0 
 0.603152,14153.714286,4.406627, 0 
 0.432677,13877.0,3.901376, 0 
 0.506406,14661.91453,4.965812, 0 
 0.67366,14755.0,5.0, 1 
 0.506385,14087.0,4.809524, 1 
 0.587669,14749.065678,4.889831, 0 
 0.620987,14416.5,5.0, 0 
 0.41878,14555.271845,4.894342, 1 
 0.64782,15089.0,5.0, 0 
 0.467505,14749.933333,4.944598, 1 
 0.723668,14295.0,5.0, 0 
 0.58768,14845.914894,5.896175, 1 
 0.533634,14887.5,5.0, 0 
 0.477069,14475.5,5.0, 0 
 0.606868,14337.5,5.0, 0 
 0.468312,14870.333333,5.0, 0 
 0.477852,15155.966667,5.0, 0 
 0.564334,13927.333333,4.846154, 0 
 0.501868,14468.0,4.820755, 1 
 0.60712,14926.0,5.0, 0 
 0.372764,14012.0,4.583333, 0 
 0.69102,14221.5,3.0, 0 
 0.674814,14831.5,5.0, 0 
 0.49878,14935.748031,4.90625, 1 
 0.397542,14830.153846,4.901408, 1 
 0.555382,14697.333333,5.0, 0 
 0.62989,14486.0,5.0, 0 
 0.597672,14470.873786,4.943396, 0 
 0.536712,14726.5,5.0, 0 
 0.69813,13965.386364,4.525355, 0 
 0.689735,14324.055556,5.0, 0 
 0.501276,14483.454545,4.90625, 0 
 0.63663,14276.5,4.528302, 0 
 0.511337,14288.0,5.0, 0 
 0.557882,14028.323058,4.967494, 0 
 0.622957,14428.565288,4.71762, 0 
 0.604311,15014.0,5.0, 1 
 0.688899,14595.481481,4.962963, 0 
 0.56855,14367.0,4.896186, 0 
 0.554483,14349.0,4.071429, 1 
 0.077475,13557.4,4.0, 0 
 0.596391,14812.5,5.0, 0 
 0.630937,14534.51443,4.663173, 0 
 0.596198,14438.666667,3.8, 0 
 0.580911,15018.568627,4.686275, 0 
 0.552709,14306.765432,5.0, 0 
 0.528994,14390.5,5.0, 0 
 0.376133,14755.727273,4.94746, 1 
 0.478012,14893.970297,4.34633, 0 
 0.605019,15114.0,5.0, 0 
 0.581618,14664.294118,5.0, 0 
 0.632157,14869.827778,4.410203, 1 
 0.564981,15104.0,3.875, 0 
 0.46207,14576.688056,4.951287, 0 
 0.472741,14692.912821,4.948037, 1 
 0.511655,14475.68,5.0, 0 
 0.550389,15044.785714,4.142857, 1 
 0.578036,15143.333333,5.0, 1 
 0.692096,14930.0,5.0, 0 
 0.615228,14650.705357,4.661202, 1 
 0.51984,14724.452381,4.97619, 0 
 0.467017,14498.4,5.0, 1 
 0.396272,14332.0,4.382927, 0 
 0.625392,14394.0,3.5, 0 
 0.568334,15030.9,3.8, 0 
 0.633838,13700.264151,5.0, 0 
 0.566661,14105.0,4.0, 0 
 0.417121,14711.333333,4.170213, 1 
 0.505069,15001.679513,5.006085, 1 
 0.509491,14912.790698,5.178049, 1 
 0.498477,14425.333333,5.0, 0 
 0.543729,14958.851852,5.0, 1 
 0.630377,15215.0,5.0, 0 
 0.467278,14246.764706,4.415987, 0 
 0.578332,14748.0,5.0, 0 
 0.550893,15313.0,5.0, 1 
 0.605019,15114.0,5.0, 0 
 0.648347,14992.584323,4.151376, 0 
 0.725633,14300.611111,4.580645, 0 
 0.474243,14971.801653,4.789063, 0 
 0.494559,14739.763636,5.0, 1 
 0.552452,14493.333333,5.0, 1 
 0.586548,13800.5,3.0, 0 
 0.547465,14678.212121,5.0, 0 
 0.500087,15088.579365,4.637681, 1 
 0.48824,14457.8,4.6, 0 
 0.387273,15143.625,5.0, 0 
 0.485041,14458.384615,5.0, 1 
 0.6191,14285.0,5.0, 0 
 0.470202,14782.0,5.0, 0 
 0.598544,14884.5,5.0, 0 
 0.107733,13529.0,4.0, 0 
 0.631633,14280.5,4.660377, 0 
 0.730044,13723.044444,4.658065, 0 
 0.515752,14844.552632,4.894981, 1 
 0.497914,14665.048828,4.730832, 0 
 0.628228,14607.0,5.0, 0 
 0.462504,14656.7,5.0, 0 
 0.4779,14961.612903,4.802817, 0 
 0.622335,14758.0,5.0, 0 
 0.589333,14099.1,4.820755, 0 
 0.499933,14636.0,4.849057, 1 
 0.668928,14298.0,3.0, 0 
 0.517031,14526.464286,4.97619, 0 
 0.562096,15199.886957,4.385507, 1 
 0.565173,14262.6,5.0, 0 
 0.384223,15552.385079,4.472892, 1 
 0.562145,14954.376068,4.982906, 0 
 0.499511,15001.666667,5.0, 0 
 0.479741,14961.587156,4.789063, 1 
 0.479884,14958.0,5.0, 0 
 0.619163,14816.0,4.0, 0 
 0.547258,15142.407407,5.0, 1 
 0.437913,13348.0,4.678261, 0 
 0.623447,14749.29,4.773585, 0 
 0.521347,15031.809302,4.945727, 0 
 0.60577,14505.0,4.761905, 0 
 0.580336,14943.040462,4.92161, 0 
 0.547262,15176.0,4.0, 0 
 0.6587,14448.493506,4.112385, 1 
 0.512805,15091.684755,4.931485, 0 
 0.510724,14829.0,6.888889, 1 
 0.519254,14615.92,5.0, 0 
 0.644146,13736.181818,4.955375, 0 
 0.524486,14692.526316,4.365079, 0 
 0.62055,14750.111111,3.857143, 0 
 0.5132,13810.682371,4.310057, 0 
 0.611903,15032.0,5.0, 0 
 0.501196,14518.08,5.0, 0 
 0.572825,14291.0,5.0, 0 
 0.5725,14761.0,5.0, 0 
 0.403198,13801.08547,4.940171, 0 
 0.630035,14497.511905,4.97619, 0 
 0.516284,14349.0,4.606557, 0 
 0.519018,14631.90944,4.963327, 0 
 0.728544,14678.708824,4.432258, 0 
 0.633343,14154.888889,5.0, 0 
 0.596043,14738.5,5.0, 0 
 0.592078,14755.0,5.0, 0 
 0.594195,14455.0,5.0, 0 
 0.625877,14135.909091,5.0, 0 
 0.69807,14116.5,5.0, 0 
 0.626311,14865.615385,4.0, 0 
 0.533645,15090.857143,5.0, 0 
 0.431734,14142.7,4.433486, 0 
 0.485072,14430.375,4.627907, 0 
 0.53076,14505.0,4.933333, 0 
 0.604867,14608.8,5.0, 0 
 0.621186,14121.526316,4.913043, 0 
 0.540853,14771.0,5.0, 1 
 0.654341,14737.5,5.0, 0 
 0.441318,15142.935053,4.943713, 1 
 0.647185,14745.5,5.0, 0 
 0.342016,14495.146341,4.972286, 1 
 0.443484,14920.811258,4.690323, 1 
 0.552686,14455.888889,5.0, 1 
 0.639752,14227.0,4.933962, 0 
 0.41878,14555.271845,4.894342, 1 
 0.537299,14793.117647,5.0, 0 
 0.699307,14422.954545,5.0, 0 
 0.558637,14600.15,4.79235, 0 
 0.575046,14442.78,4.862745, 0 
 0.608144,14449.3,4.904762, 0 
 0.643826,14802.164063,4.78125, 0 
 0.566252,14502.285714,4.662162, 0 
 0.547632,14531.0,5.0, 0 
 0.539792,14932.0,5.0, 0 
 0.429273,14498.666667,5.0, 0 
 0.571781,14441.333333,3.0, 0 
 0.665907,14616.0,5.0, 0 
 0.443782,14564.235294,4.514634, 0 
 0.511289,14189.657143,4.613557, 0 
 0.427926,13930.5,4.791667, 0 
 0.537561,14593.976723,4.876644, 1 
 0.67171,14834.0,5.0, 0 
 0.519018,14631.90944,4.963327, 0 
 0.636726,14418.644068,4.928571, 0 
 0.646075,13921.357143,4.440443, 0 
 0.609419,14643.170424,4.828229, 1 
 0.499511,15001.666667,5.0, 0 
 0.64161,14523.330275,4.477064, 0 
 0.532227,14935.0,5.0, 0 
 0.033618,13743.142857,4.571429, 0 
 0.674904,14596.0,5.0, 0 
 0.590597,14774.090909,5.0, 1 
 0.429938,14680.006579,4.381777, 0 
 0.53212,15144.5,5.0, 0 
 0.594405,14811.826471,4.5, 0 
 0.753615,15078.0,5.0, 0 
 0.516805,14544.911765,5.0, 1 
 0.658705,14546.0,5.0, 0 
 0.50405,14589.764706,4.611746, 0 
 0.669665,13814.125,4.922921, 0 
 0.431734,14142.7,4.433486, 0 
 0.431869,14617.725225,4.486446, 0 
 0.567012,14602.0,3.0, 0 
 0.502517,14501.563433,5.061778, 1 
 0.456283,15436.750408,4.959217, 1 
 0.52779,14182.2,4.6, 0 
 0.493649,14172.531915,4.526917, 0 
 0.562626,14890.333333,3.0, 0 
 0.409487,14986.907895,4.970339, 0 
 0.137146,13878.2,5.0, 0 
 0.632962,14306.222222,4.056314, 0 
 0.485128,13776.166667,4.4, 0 
 0.605113,15044.0,5.0, 0 
 0.594981,14314.307692,4.912281, 0 
 0.60712,14926.0,5.0, 0 
 0.601725,14856.181818,5.0, 0 
 0.395032,14148.0,4.0, 0 
 0.608109,14914.0,5.0, 0 
 0.580253,15022.036585,4.697561, 1 
 0.589333,14099.1,4.820755, 0 
 0.554767,14725.447368,5.0, 0 
 0.516984,14396.75541,4.948614, 0 
 0.524506,14891.0,3.0, 0 
 0.669672,13818.0,5.0, 0 
 0.662968,14757.0,3.0, 0 
 0.607967,14394.0,4.0, 1 
 0.624238,14729.0,5.0, 0 
 0.376031,15365.222222,5.0, 0 
 0.613276,15134.666667,5.0, 0 
 0.559744,14610.767442,4.255814, 0 
 0.657438,14587.5,5.0, 0 
 0.669149,14740.580282,4.367742, 0 
 0.621308,14552.0,5.0, 0 
 0.595333,14590.0,5.0, 0 
 0.641129,14329.5,3.0, 0 
 0.645005,14932.608696,4.971014, 0 
 0.670221,14909.0,3.0, 1 
 0.421787,14592.0,5.0, 0 
 0.501975,14791.0,5.0, 0 
 0.59964,14178.0,5.0, 1 
 0.619105,14922.0,4.888889, 0 
 0.546486,14343.0,5.0, 0 
 0.545559,14113.41989,4.62439, 0 
 0.432677,13877.0,3.901376, 0 
 0.515379,14857.944444,4.888889, 0 
 0.52779,14182.2,4.6, 0 
 0.657081,15186.0,5.0, 0 
 0.605396,14892.435461,4.830189, 1 
 0.58449,14874.677498,4.908127, 0 
 0.484331,14693.0,4.914894, 0 
 0.497477,14154.587805,4.663415, 0 
 0.641013,14663.0,5.0, 0 
 0.466827,14480.0,5.0, 0 
 0.669184,14844.559524,6.0, 1 
 0.566529,14789.631323,4.903165, 0 
 0.611069,14687.481481,5.0, 0 
 0.658139,14793.629893,4.99446, 0 
 0.631504,15084.0,5.0, 0 
 0.646438,14899.384615,4.692308, 0 
 0.571915,15019.661765,5.094595, 0 
 0.75623,14591.5,5.0, 1 
 0.507238,14346.1,4.900489, 0 
 0.509491,14912.790698,5.178049, 1 
 0.61245,14685.0,5.0, 1 
 0.491819,13948.584071,4.796814, 0 
 0.636867,14363.0,5.0, 0 
 0.471562,14542.257557,4.935173, 0 
 0.557217,14244.404762,4.72093, 0 
 0.56985,13914.0,4.395349, 0 
 0.571093,14798.5,4.75, 0 
 0.645005,14932.608696,4.971014, 0 
 0.647157,14798.037657,4.556314, 0 
 0.652925,14820.0,5.0, 0 
 0.510788,15009.966667,5.0, 0 
 0.288298,14174.454545,4.375, 0 
 0.707864,14756.0,4.0, 0 
 0.483041,14952.877133,4.559727, 0 
 0.464733,14153.466667,5.0, 0 
 0.492228,14557.35473,4.933116, 0 
 0.527569,14881.0,3.0, 0 
 0.513625,14240.733333,4.880952, 1 
 0.087052,13137.0,3.944444, 0 
 0.624769,14717.944954,4.178899, 0 
 0.545497,15231.770492,4.759563, 1 
 0.673325,14567.833333,4.444444, 0 
 0.579125,14165.0,3.0, 0 
 0.502675,14996.470852,4.885965, 1 
 0.631031,14994.0,5.0, 0 
 0.491077,14831.0,5.0, 0 
 0.48392,14784.233333,5.0, 1 
 0.579401,14970.016129,4.887324, 1 
 0.605401,14846.0,5.0, 0 
 0.664165,14382.580645,4.445983, 0 
 0.509227,14788.571429,4.934747, 0 
 0.527329,14251.5,5.0, 0 
 0.538897,15021.0,5.0, 0 
 0.433514,14791.538217,4.756356, 0 
 0.631937,14818.737973,4.542922, 1 
 0.593917,15186.855072,4.884058, 0 
 0.447924,15261.058201,4.904661, 0 
 0.555819,14777.6,4.868852, 0 
 0.52571,14454.838072,4.789261, 0 
 0.40161,15224.833333,5.0, 0 
 0.476088,14273.688852,4.911909, 0 
 0.460831,15123.290171,4.987298, 1 
 0.672834,14626.0,5.0, 0 
 0.575399,15003.071429,3.571429, 0 
 0.618903,14724.75,3.857143, 0 
 0.484039,14392.5,5.0, 0 
 0.367357,14564.375,4.5, 0 
 0.592345,13823.861111,4.878378, 0 
 0.61489,14363.0,5.0, 0 
 0.576785,14763.647887,4.971831, 1 
 0.507127,14891.344828,3.758621, 0 
 0.443236,14502.892857,4.859155, 0 
 0.530505,14344.0,4.0, 0 
 0.581891,14525.34111,4.9716, 0 
 0.437063,14202.4,4.565854, 0 
 0.580193,14575.0,5.0, 0 
 0.498946,14904.25,4.0, 0 
 0.514508,14708.0,4.0, 0 
 0.584704,14994.333333,3.0, 0 
 0.730084,14873.5,5.0, 0 
 0.586443,14334.730769,4.034483, 1 
 0.497448,15074.4,5.0, 0 
 0.556981,15047.017241,4.413793, 1 
 0.715266,14550.242915,4.632258, 0 
 0.557882,14028.323058,4.967494, 0 
 0.62475,14895.0,5.0, 0 
 0.693025,14842.5,5.0, 0 
 0.43754,14872.111111,4.921569, 1 
 0.667647,15085.0,5.0, 0 
 0.638491,13881.0,4.5, 0 
 0.556073,14840.333333,3.666667, 1 
 0.585995,14608.497778,4.463768, 0 
 0.662308,14108.707865,4.765625, 0 
 0.507465,14593.064516,4.97619, 1 
 0.422313,14562.253927,4.497561, 0 
 0.531821,15230.833333,5.0, 0 
 0.689948,14166.5,5.0, 0 
 0.473636,15611.570513,4.661202, 0 
 0.611785,14742.648352,4.704918, 1 
 0.628627,14122.823529,4.978723, 0 
 0.515757,15304.43773,5.131377, 1 
 0.694957,14463.0,5.0, 0 
 0.498161,14585.169811,4.60587, 1 
 0.537944,13997.0,3.0, 0 
 0.512356,14743.902439,4.302326, 0 
 0.552297,14831.331492,4.79235, 0 
 0.693615,15036.0,5.0, 0 
 0.608402,14199.0,3.666667, 0 
 0.627269,14884.0,5.0, 0 
 0.565447,14048.330656,4.728916, 0 
 0.485122,14616.529412,4.965217, 1 
 0.439677,14765.448276,5.0, 1 
 0.640735,15013.076923,4.846154, 0 
 0.592378,15059.0,5.0, 1 
 0.4549,15525.122807,4.789474, 1 
 0.604311,15014.0,5.0, 1 
 0.346843,14639.0,4.454545, 0 
 0.601497,15009.571429,5.0, 0 
 0.560956,15239.671053,4.842105, 1 
 0.538924,14437.0,5.0, 0 
 0.612132,14942.0,5.0, 0 
 0.525522,14595.0,4.0, 0 
 0.107733,13529.0,4.0, 0 
 0.655175,14376.5,5.0, 0 
 0.512581,14968.461538,6.605263, 1 
 0.608109,14914.0,5.0, 0 
 0.48487,14778.0,5.0, 0 
 0.576319,14402.818182,5.0, 0 
 0.598852,14008.641026,4.647059, 0 
 0.510007,14693.925926,4.928571, 0 
 0.590911,14496.963145,4.521951, 0 
 0.661676,14903.166667,4.444444, 0 
 0.624277,14047.5,5.0, 0 
 0.565181,14474.0,3.0, 0 
 0.444737,14512.5,4.766667, 0 
 0.522018,14898.285714,4.571429, 1 
 0.497411,14970.0,4.982609, 1 
 0.424597,14625.3,5.0, 0 
 0.559443,14559.0,3.0, 0 
 0.67826,14275.5,4.611111, 0 
 0.630598,14251.428571,4.925926, 0 
 0.577605,14008.410959,4.56422, 0 
 0.503219,14799.928571,5.0, 0 
 0.397542,14830.153846,4.901408, 1 
 0.595116,15046.27907,4.44186, 0 
 0.611117,13744.705882,4.837838, 0 
 0.477123,14806.666667,5.0, 0 
 0.518275,14296.0,4.0, 0 
 0.613768,14605.674419,4.348837, 0 
 0.493361,14665.76,5.0, 0 
 0.665191,14961.0,5.0, 0 
 0.550787,15414.148148,5.0, 0 
 0.509795,14025.0,4.952381, 0 
 0.657333,14159.5,5.0, 0 
 0.569094,14642.98088,4.749147, 1 
 0.381003,13928.125,5.0, 0 
 0.380665,14305.0,4.583333, 0 
 0.654341,14737.5,5.0, 0 
 0.61962,13772.85,5.0, 0 
 0.648648,13805.8,4.492901, 0 
 0.397402,14310.875,4.495122, 0 
 0.524378,14653.0,3.0, 0 
 0.531785,14597.126506,5.127119, 1 
 0.450029,13960.5,4.5, 0 
 0.619883,14769.5,4.428571, 0 
 0.499378,14412.651515,5.0, 0 
 0.596466,14885.639042,4.682594, 0 
 0.544405,14725.585366,4.292754, 1 
 0.550225,14209.6875,4.627907, 0 
 0.486723,14859.701754,5.0, 1 
 0.630026,14395.877193,4.548246, 0 
 0.564047,14433.8,4.0, 0 
 0.53404,14537.593812,4.913873, 1 
 0.573438,14607.0,5.0, 1 
 0.664314,14833.0,3.0, 1 
 0.597775,14598.757576,5.0, 0 
 0.589115,14747.736842,5.0, 0 
 0.569935,14842.5,5.0, 1 
 0.495828,14707.177778,4.887324, 1 
 0.465678,14964.315789,4.811634, 0 
 0.592345,13823.861111,4.878378, 0 
 0.731455,14306.15942,4.490323, 0 
 0.517156,14248.107667,4.93801, 0 
 0.544498,14395.5,5.0, 0 
 0.51038,13810.333333,4.0, 0 
 0.572929,15069.5,5.0, 0 
 0.644146,13736.181818,4.955375, 0 
 0.537729,14245.0,3.0, 0 
 0.487793,15003.571429,5.0, 1 
 0.591245,14661.5,5.0, 0 
 0.455108,14685.666667,5.0, 0 
 0.640565,14594.086957,5.0, 0 
 0.698979,14582.0,3.0, 0 
 0.625392,14394.0,3.5, 0 
 0.491819,13948.584071,4.796814, 0 
 0.734367,14699.402817,4.393548, 0 
 0.491522,14737.75,4.5, 0 
 0.45781,14920.185233,4.960739, 0 
 0.700522,14479.0,5.0, 0 
 0.492228,14557.35473,4.933116, 0 
 0.613427,14502.25,5.0, 0 
 0.541733,13932.0,3.0, 1 
 0.577552,14541.0,5.0, 0 
 0.543825,14581.0625,4.0, 0 
 0.695167,14588.75,5.0, 0 
 0.498083,13872.5,4.5, 0 
 0.495896,14576.0,5.0, 0 
 0.608029,14708.0,4.0, 0 
 0.572598,14916.5,5.0, 0 
 0.4691,15412.83707,4.9624, 1 
 0.513233,14709.0,5.0, 0 
 0.438729,15076.479487,4.639024, 1 
 0.634151,14861.0,5.0, 0 
 0.482798,14352.0,4.684211, 1 
 0.627471,14745.637931,3.724138, 0 
 0.498767,15209.763158,4.302326, 1 
 0.499673,14500.608295,4.489396, 0 
 0.652113,14679.98338,5.0, 0 
 0.508305,14775.583333,4.583333, 0 
 0.550215,14841.0,5.0, 0 
 0.662867,14942.976563,4.78125, 0 
 0.614596,14902.986436,4.714608, 1 
 0.503601,14306.0,4.590164, 0 
 0.514351,14632.65,4.853181, 0 
 0.60981,14607.892537,4.304348, 0 
 0.380013,14651.166667,4.75, 0 
 0.634391,14968.578313,4.489458, 0 
 0.55267,14439.3,5.0, 1 
 0.466786,14452.0,4.950924, 1 
 0.580518,15017.0,5.0, 1 
 0.52424,15225.617647,5.0, 0 
 0.6688,14647.0,5.0, 0 
 0.434761,14408.48,5.0, 0 
 0.413685,14962.242424,4.887324, 1 
 0.453973,14853.0,5.0, 0 
 0.620742,14531.25,5.0, 0 
 0.5313,14707.5,4.692308, 0 
 0.437328,15179.582547,4.761295, 1 
 0.544892,14586.0,5.0, 0 
 0.375129,14974.985507,5.0, 1 
 0.509763,14835.923077,4.982906, 0 
 0.385044,15158.730769,4.746479, 1 
 0.408542,14362.833333,4.137615, 0 
 0.600845,14785.0,5.0, 0 
 0.620853,14903.0,5.0, 0 
 0.542951,15102.5,4.0, 0 
 0.674177,13984.0,3.0, 0 
 0.489113,14564.333333,4.402516, 0 
 0.468736,14995.133333,4.698113, 0 
 0.500885,15299.642857,3.428571, 1 
 0.652732,14622.575175,4.762799, 0 
 0.505385,14239.304348,5.0, 0 
 0.508948,14632.25,3.953488, 0 
 0.638942,14553.574561,4.95614, 0 
 0.499729,14619.0,5.0, 0 
 0.57405,14341.0,5.0, 1 
 0.626413,14713.0,3.0, 0 
 0.686766,14999.0,5.0, 0 
 0.43043,14829.530364,4.458065, 1 
 0.410802,14171.391304,4.336585, 0 
 0.654314,14360.0,5.0, 0 
 0.696458,14627.3,5.0, 0 
 0.602191,15037.0,5.0, 1 
 0.661351,14610.0,5.0, 0 
 0.596812,14497.0,4.534884, 0 
 0.666319,14655.0,5.0, 0 
 0.446205,14479.0,4.478873, 0 
 0.6517,14480.0,5.0, 0 
 0.387062,14770.529586,4.655873, 1 
 0.524472,14513.0,5.0, 0 
 0.552297,14831.331492,4.79235, 0 
 0.628627,14122.823529,4.978723, 0 
 0.552624,14406.666667,3.0, 1 
 0.724209,14363.0,5.0, 0 
 0.472659,15264.767581,4.990924, 1 
 0.56845,15096.666667,3.0, 1 
 0.667743,14624.504505,4.78125, 0 
 0.682157,14497.0,5.0, 0 
 0.576694,14526.605598,4.966467, 0 
 0.558816,14980.666667,3.666667, 0 
 0.470058,14550.666667,4.714286, 0 
 0.428322,14359.192308,4.609756, 0 
 0.562972,14651.0,3.0, 0 
 0.668152,14629.0,5.0, 0 
 0.508101,14543.0,4.928571, 1 
 0.584296,14501.666667,4.428571, 0 
 0.486992,14342.390244,5.0, 0 
 0.657771,14413.0,5.0, 0 
 0.575282,14963.0,5.0, 0 
 0.675575,15033.5,5.0, 0 
 0.509763,14835.923077,4.982906, 0 
 0.566181,14328.5,4.809524, 0 
 0.576841,14108.0,5.0, 0 
 0.35913,15518.5,6.727273, 1 
 0.550893,15313.0,5.0, 1 
 0.498477,14425.333333,5.0, 0 
 0.594928,15306.052632,5.0, 0 
 0.480503,14196.521739,4.982456, 0 
 0.588788,14574.0,5.0, 0 
 0.545298,14668.430678,4.571014, 0 
 0.636929,14240.0,4.0, 0 
 0.605022,14452.0,5.0, 0 
 0.658705,14546.0,5.0, 0 
 0.58624,14355.666667,3.0, 0 
 0.506653,14424.5,5.0, 0 
 0.519061,14218.0,4.748634, 0 
 0.7016,14813.897507,5.0, 0 
 0.567204,14493.333333,3.666667, 0 
 0.556541,14573.0,3.0, 0 
 0.424588,14379.0,5.0, 0 
 0.578944,14837.401709,5.382813, 1 
 0.660798,14348.0,3.0, 0 
 0.223415,13925.8,5.0, 0 
 0.634966,14578.0,5.0, 0 
 0.642346,13764.557692,4.94929, 0 
 0.69807,14116.5,5.0, 0 
 0.578275,14597.5,5.0, 0 
 0.713802,14704.5,4.0, 0 
 0.433276,15029.833333,5.0, 0 
 0.431869,14617.725225,4.486446, 0 
 0.464391,14978.07767,4.825137, 0 
 0.638942,14553.574561,4.95614, 0 
 0.522356,14633.666667,5.0, 0 
 0.637879,14872.584906,4.830189, 0 
 0.491913,14949.3,5.0, 0 
 0.491568,14448.5,4.592593, 1 
 0.468032,14606.5,4.741228, 1 
 0.63523,14740.0,3.0, 0 
 0.709688,14407.5,3.0, 0 
 0.452272,14623.825726,4.487083, 1 
 0.527236,15029.0,5.0, 0 
 0.673067,14767.666667,5.055556, 1 
 0.634164,14302.0,5.0, 0 
 0.657085,14487.0,5.0, 0 
 0.440024,14939.101418,4.936185, 1 
 0.681851,15144.0,5.0, 1 
 0.369285,14884.0,5.0, 0 
 0.551523,15151.273224,4.628415, 1 
 0.426078,14737.131777,4.721386, 0 
 0.528982,14565.0,3.0, 1 
 0.552902,14409.921053,5.0, 0 
 0.585933,14323.0,3.0, 0 
 0.464395,15054.233256,5.176183, 0 
 0.576841,14108.0,5.0, 0 
 0.61695,14754.284091,4.440367, 1 
 0.481193,13664.954545,4.470732, 0 
 0.631009,14564.076923,4.915094, 0 
 0.502425,14728.631579,5.0, 0 
 0.650831,14770.0,5.0, 0 
 0.60182,14358.0,3.0, 0 
 0.592207,15154.8,5.0, 0 
 0.60229,14217.0,4.0, 0 
 0.413545,14642.646018,4.808743, 0 
 0.5523,14750.258772,4.987288, 0 
 0.422313,14562.253927,4.497561, 0 
 0.593705,14062.933333,4.125683, 0 
 0.471562,14542.257557,4.935173, 0 
 0.5545,14213.0,5.0, 0 
 0.483698,14180.360656,4.944535, 0 
 0.575488,14511.666667,5.0, 0 
 0.499848,15075.0,5.0, 0 
 0.443288,13730.0,4.057737, 0 
 0.485337,14364.0,4.72549, 1 
 0.664733,15087.833333,5.5, 1 
 0.507274,14241.182927,4.886957, 0 
 0.602135,14771.5,3.0, 1 
 0.603634,14998.0,5.0, 0 
 0.477127,14594.555556,4.619048, 0 
 0.586074,14947.396226,4.773585, 0 
 0.480901,14937.705882,5.0, 1 
 0.569681,14601.5,5.0, 0 
 0.683897,14844.0,5.0, 0 
 0.482816,15065.75,5.0, 0 
 0.491077,14831.0,5.0, 0 
 0.66514,14392.398438,4.796875, 0 
 0.513121,15266.333333,3.571429, 1 
 0.469593,14603.627451,4.470968, 1 
 0.593548,14092.0,3.0, 0 
 0.658292,14477.0,5.0, 0 
 0.537729,14245.0,3.0, 0 
 0.076933,14008.8,5.0, 0 
 0.626756,14812.0,3.0, 0 
 0.529238,14391.626829,4.646341, 0 
 0.460276,15307.808652,4.849918, 0 
 0.528928,14863.0,5.0, 0 
 0.542525,14958.25,5.0, 1 
 0.563776,14171.333333,4.777778, 0 
 0.645652,14894.0,5.0, 0 
 0.695167,14588.75,5.0, 0 
 0.445512,14502.0,5.0, 0 
 0.452171,14680.094972,4.972864, 0 
 0.578655,13747.130435,4.339623, 0 
 0.585481,14526.9,4.2, 0 
 0.632368,14451.0,5.0, 0 
 0.637175,14663.0,5.0, 0 
 0.574549,14635.928571,5.608108, 0 
 0.462244,14399.0,4.568627, 1 
 0.481193,13664.954545,4.470732, 0 
 0.63473,14738.5,3.0, 0 
 0.624665,14782.714286,3.571429, 0 
 0.625877,14135.909091,5.0, 0 
 0.488384,14947.833333,4.666667, 0 
 0.579293,14831.531052,4.904876, 0 
 0.486338,14325.0,5.0, 0 
 0.509763,14835.923077,4.982906, 0 
 0.621721,14406.0,5.0, 0 
 0.709715,14330.4,4.851852, 0 
 0.613,14751.5,3.0, 1 
 0.614471,13611.0,4.921053, 0 
 0.549497,14269.777778,5.0, 1 
